time,price_ADA-PERP,price_BTC-PERP,price_ETH-PERP
2021-10-01T00:00:00.000000,,,
2021-10-01T01:00:00.000000,0.002576558527497941,0.001075158231879314,0.0006289620678412433
2021-10-01T02:00:00.000000,-0.010360579888465837,-0.008310996709820273,-0.011281880815214862
2021-10-01T03:00:00.000000,-0.00043303743119371685,0.005930370213521385,0.0047412442739940275
2021-10-01T04:00:00.000000,0.0017381528837993043,-0.0001145961061492784,-0.0010664890195997145
2021-10-01T05:00:00.000000,0.004096821451589738,0.005029846677366834,0.0062162586942182685
2021-10-01T06:00:00.000000,0.003068715355947438,0.0035286253361395126,0.0028458935783319816
2021-10-01T07:00:00.000000,0.012738309195967634,0.017838310843258043,0.021866117215118663
2021-10-01T08:00:00.000000,0.007852383814246688,0.003476404089450824,0.009332028079333199
2021-10-01T09:00:00.000000,-0.004181810382900775,-0.0006008211402743768,-0.0019557243212844355
2021-10-01T10:00:00.000000,0.03339009136802029,0.04749086004232694,0.02925341019993155
2021-10-01T11:00:00.000000,0.00395535406060743,0.008560157951327696,0.009090548616836003
2021-10-01T12:00:00.000000,-0.011361510578474343,-0.00508498917167266,-0.004581483991968227
2021-10-01T13:00:00.000000,-0.008003674549069029,-0.005515031796278436,-0.006474529247483929
2021-10-01T14:00:00.000000,0.003655679068725326,0.0027613178402852157,0.0034914930412810463
2021-10-01T15:00:00.000000,0.004693844560227256,0.005183386723038197,0.007533634552272517
2021-10-01T16:00:00.000000,0.0048023793007788695,0.004190494355629681,0.012675296683141823
2021-10-01T17:00:00.000000,0.008031164040367411,0.00149086088067385,-0.0003965409480493065
2021-10-01T18:00:00.000000,-0.003086101483844028,0.00232633790691672,0.005051745375178385
2021-10-01T19:00:00.000000,0.01012980897116822,0.006447663939901815,0.0016681582855664345
2021-10-01T20:00:00.000000,-0.0043853730063133645,0.0013510285459172877,-0.0022147059399078017
2021-10-01T21:00:00.000000,0.0063906768863400965,0.0052206457915424664,0.010574116651829613
2021-10-01T22:00:00.000000,-0.014386974949204379,-0.00729990798698843,-0.011759328989141338
2021-10-01T23:00:00.000000,0.012299691233955468,0.0028059837788756425,0.0068487191543979975
2021-10-02T00:00:00.000000,-0.012324366557175503,-0.006643158990891962,-0.004419027137267051
2021-10-02T01:00:00.000000,-0.0016478943688756909,-0.001965993145731204,0.00039426795567187867
2021-10-02T02:00:00.000000,-0.0013963232429274886,-0.0005025757110423967,-0.0016083760390070978
2021-10-02T03:00:00.000000,-0.007568581606654412,-0.0037773905403799546,-0.007009872963852359
2021-10-02T04:00:00.000000,-9.068731919303907e-06,0.001281714731330652,0.001650215819283929
2021-10-02T05:00:00.000000,0.0022714132265785336,0.0031238559917756703,0.002226527081502283
2021-10-02T06:00:00.000000,0.0035811901800233414,0.0013388003003811377,0.0010353228695798578
2021-10-02T07:00:00.000000,-0.0014210058599813946,-0.0017156610547939266,-0.0010962576084931897
2021-10-02T08:00:00.000000,-0.0014388507941301976,-4.1882185419339635e-05,0.0015222556675169585
2021-10-02T09:00:00.000000,0.003166348652787865,-0.00016754628505211144,0.004643759767731126
2021-10-02T10:00:00.000000,-0.0020616145633116645,-0.002159669550435339,-0.004917594829459304
2021-10-02T11:00:00.000000,0.0026045057990407017,0.0016568621988550802,0.0036146630490421217
2021-10-02T12:00:00.000000,0.007308155043749265,0.0008797470247543515,0.0014846013240177314
2021-10-02T13:00:00.000000,0.005722511355608084,0.0024048778306884344,0.003958247225128275
2021-10-02T14:00:00.000000,0.00705717980426579,0.0035236632478454766,0.016301376426001823
2021-10-02T15:00:00.000000,0.011661133617088093,-0.003962383445411888,0.005916126821933432
2021-10-02T16:00:00.000000,0.012302817139482336,0.0038166791208578132,0.013533909010638112
2021-10-02T17:00:00.000000,-0.0067853456981774585,-0.002563703139365714,-0.0010771627993868549
2021-10-02T18:00:00.000000,0.001006219562184274,-0.00033397345221430896,0.0025600013981019742
2021-10-02T19:00:00.000000,0.002999632164960131,0.008005449002011389,0.007842723496542803
2021-10-02T20:00:00.000000,-0.009169954712722417,-0.005191041557178977,-0.011656022250436493
2021-10-02T21:00:00.000000,0.0073205957832215285,0.002681942168271334,0.0061928703932672136
2021-10-02T22:00:00.000000,-0.005843036755294517,-0.0011841573612123568,-0.007184962914312365
2021-10-02T23:00:00.000000,-0.02110289475653848,-0.008978595354266261,-0.010388331823770969
2021-10-03T00:00:00.000000,-0.006374600026182953,-0.00783310315808805,-0.006688988150797215
2021-10-03T01:00:00.000000,0.005077093704365376,0.005291965839891333,0.007042907814728494
2021-10-03T02:00:00.000000,0.0026466397583617685,0.002394305220436266,0.0030032705198852483
2021-10-03T03:00:00.000000,0.006939100132844045,0.005877386952601427,0.0019091542373814718
2021-10-03T04:00:00.000000,-0.002320952654123465,-0.00041717945579122784,-0.0021737861800019687
2021-10-03T05:00:00.000000,0.006257107573988008,0.0020841590670812593,0.0057473107795669165
2021-10-03T06:00:00.000000,0.002821489054412041,-0.0001665729697570839,-0.0012580642101678308
2021-10-03T07:00:00.000000,-0.004094420959560252,-0.001750693429784178,-0.006343633607926336
2021-10-03T08:00:00.000000,0.00273074452267974,-0.0014403659766664134,-5.8925782994379006e-05
2021-10-03T09:00:00.000000,-0.01088815872443294,-6.267169434970299e-05,-5.8929255445150375e-05
2021-10-03T10:00:00.000000,-0.0007321814006907568,-0.00041791170134253264,-0.00011786892988752129
2021-10-03T11:00:00.000000,0.0105820859669159,0.0033175830873162226,0.006842804339576958
2021-10-03T12:00:00.000000,-0.0007381890098991928,-0.00012499218815165136,-0.0015524087416434185
2021-10-03T13:00:00.000000,0.006303170142856307,0.0018316548289707413,0.008087045023144057
2021-10-03T14:00:00.000000,-0.003618864030389135,-0.0020191724092928354,-0.0033495014349522734
2021-10-03T15:00:00.000000,-0.005305320388996448,-0.001835360391737595,-0.006263007390227671
2021-10-03T16:00:00.000000,0.0019790500198048067,0.00320967345162515,0.004569427985812169
2021-10-03T17:00:00.000000,0.010738079282123891,0.018534129132635968,0.013238305161239694
2021-10-03T18:00:00.000000,-0.0012322189770758163,-0.0018400773935134396,-0.0003749909901884507
2021-10-03T19:00:00.000000,-0.004173812802365284,-0.0009827608178056835,0.0011245513793056716
2021-10-03T20:00:00.000000,-0.010953614309702764,-0.00705089618005772,-0.013403548600226856
2021-10-03T21:00:00.000000,-0.009539807356541363,-0.014127169612988766,-0.008741878546507209
2021-10-03T22:00:00.000000,0.005772982387166503,0.004696559277380885,0.004761773789880408
2021-10-03T23:00:00.000000,0.0009474730140919263,0.004529501396541846,0.002928088294900988
2021-10-04T00:00:00.000000,-0.012452849632610952,-0.007031587772779346,-0.014994021241852451
2021-10-04T01:00:00.000000,-0.0023652153658630937,-0.0010234880946917713,0.002401175060935401
2021-10-04T02:00:00.000000,-0.006565056816693948,-0.0026366467103660085,-0.004540403971944329
2021-10-04T03:00:00.000000,-0.014349760041375781,-0.004662502670855773,-0.007134039181774909
2021-10-04T04:00:00.000000,0.006378744554825566,0.006065394532797086,0.005615978435718816
2021-10-04T05:00:00.000000,0.00011875697996677204,0.00031381081649684006,0.0028259110053010517
2021-10-04T06:00:00.000000,-0.006564161382258127,-0.0010464192491408397,-0.005331280962893814
2021-10-04T07:00:00.000000,0.011157439497233579,0.002864582569616303,0.009836193593232068
2021-10-04T08:00:00.000000,-0.004929031387441163,-0.004436267424628326,-0.008881026664901981
2021-10-04T09:00:00.000000,0.002856010737465442,0.0016345008982501241,0.0011926771048251794
2021-10-04T10:00:00.000000,-0.003585006161539228,-0.002095997413750439,-0.0028947035238591212
2021-10-04T11:00:00.000000,-0.005513204933096483,-0.0010916573280450592,-0.009217208540972521
2021-10-04T12:00:00.000000,0.004689875387834608,0.003313274991944226,0.009456264271978654
2021-10-04T13:00:00.000000,0.013128744318797958,0.00792397173089121,0.012854372421641003
2021-10-04T14:00:00.000000,-0.01849927352847569,-0.014097997516921978,-0.020894013745536455
2021-10-04T15:00:00.000000,0.006507003404039202,0.007032008741784779,0.0013845415166251485
2021-10-04T16:00:00.000000,0.0034996260049401373,0.01669834171830331,0.011989081492961517
2021-10-04T17:00:00.000000,0.0073448574365984065,0.01484442935585406,0.014750400187715229
2021-10-04T18:00:00.000000,3.164957589829598e-05,0.00018239484480986334,0.002632119204527328
2021-10-04T19:00:00.000000,-0.0033150777949955135,0.0012758332616922274,-0.0014029347013764237
2021-10-04T20:00:00.000000,-0.009972740474463282,-0.007516388533728602,-0.009964662631796628
2021-10-04T21:00:00.000000,0.0026767529829491155,-0.001510081096688154,0.004097822688610364
2021-10-04T22:00:00.000000,-0.0036233374996194057,-0.0007763341077993147,-0.007323011524240641
2021-10-04T23:00:00.000000,0.005342286419484643,0.006539099885404909,0.00393392701608164
2021-10-05T00:00:00.000000,0.009454859403425275,0.006093074588964242,0.0058573509234847165
2021-10-05T01:00:00.000000,-0.0065032512999578795,-0.005849449445644694,-0.005798312075906864
2021-10-05T02:00:00.000000,0.002443961613409873,0.001561850602989523,0.0010621036549416374
2021-10-05T03:00:00.000000,0.006998932165642735,-0.0005473842267029738,-0.0007669616895142894
2021-10-05T04:00:00.000000,-0.007827301947331833,-0.002639756238755453,-0.0057413593638617755
2021-10-05T05:00:00.000000,0.0064566944951496286,0.0032479424435667426,0.004737521074664741
2021-10-05T06:00:00.000000,-0.0020006690621945378,-0.0005879073708427995,-0.00011816489925386975
2021-10-05T07:00:00.000000,0.0009759955589776492,0.003784931602972108,0.0014760586018205402
2021-10-05T08:00:00.000000,0.00335674046634582,0.009089874758377192,0.008752405496510463
2021-10-05T09:00:00.000000,0.008672031759835885,0.006942532772670873,0.009603705731713319
2021-10-05T10:00:00.000000,-0.005028238456953105,-0.005382251605579924,-0.0037432035001625508
2021-10-05T11:00:00.000000,-0.0021010863338211117,-0.002281232854505433,0.002497025193378022
2021-10-05T12:00:00.000000,-0.003446257269867581,0.0015814077822042805,0.0019121018659991051
2021-10-05T13:00:00.000000,0.004277342602777012,0.005206942368479517,0.0014172296982337684
2021-10-05T14:00:00.000000,-0.01639598079856075,-0.007971034982794833,-0.007979961967038207
2021-10-05T15:00:00.000000,-0.0010253050266983976,-0.001143923782889189,-0.0033852831022400665
2021-10-05T16:00:00.000000,0.00520014388640111,0.006664489858748013,0.004608168681919267
2021-10-05T17:00:00.000000,-0.00027277935047609336,0.0007776282730720396,-5.819874874291031e-05
2021-10-05T18:00:00.000000,0.004989170265283671,0.009422896768226607,0.006959777542316914
2021-10-05T19:00:00.000000,0.007506996264981858,0.011250081840724846,0.009376776500612749
2021-10-05T20:00:00.000000,0.004355245604640179,0.005684709464503612,0.009516554711709091
2021-10-05T21:00:00.000000,0.0036795305657886246,0.005169871425161787,0.004046927174274018
2021-10-05T22:00:00.000000,-0.00755441054459538,-0.007638360584007131,-0.007597915948876377
2021-10-05T23:00:00.000000,0.0028505051380546265,0.002274340790052065,0.0011092624542872187
2021-10-06T00:00:00.000000,-0.004186672692370608,-0.002488433960325054,0.0026402093435802243
2021-10-06T01:00:00.000000,-0.004434477219301569,-0.0011491008090871446,-0.008827942056475635
2021-10-06T02:00:00.000000,0.004510877764928645,0.005286595663639204,0.0024853960143591536
2021-10-06T03:00:00.000000,-0.006408681627220747,-0.0005041299986565662,-0.004432314486585653
2021-10-06T04:00:00.000000,-0.0016454165743952087,-0.004081162381023518,-0.00404911171354172
2021-10-06T05:00:00.000000,-2.265162145853594e-06,0.004042372621515966,0.005681344368348107
2021-10-06T06:00:00.000000,-0.0020157617117018134,0.0002908865272175376,-0.0009446520518689994
2021-10-06T07:00:00.000000,-0.007936902263840917,-0.0017854375182366766,-0.009958636297630719
2021-10-06T08:00:00.000000,-0.02161856347230684,-0.014379729137989017,-0.022199411263637003
2021-10-06T09:00:00.000000,-0.003984558977187969,9.852313823799363e-05,-0.005040482697090454
2021-10-06T10:00:00.000000,0.007170601914416541,0.008788506033079457,0.0036790926854113337
2021-10-06T11:00:00.000000,-0.006058669641787806,0.003003298082065342,0.0018344828649734524
2021-10-06T12:00:00.000000,0.015129205467321327,0.02716211624966114,0.02227576102910156
2021-10-06T13:00:00.000000,0.021473284288637817,0.02400459770802854,0.035276725955920796
2021-10-06T14:00:00.000000,0.011213432325629102,0.00895148997526718,0.005232990842811702
2021-10-06T15:00:00.000000,-0.0007311371968085068,0.009199159564603931,0.004293932769737552
2021-10-06T16:00:00.000000,0.002814292198441315,-0.002036956909751808,-0.004710454816716947
2021-10-06T17:00:00.000000,-0.008185615140210212,-0.005714666419828873,-0.0055702692419270505
2021-10-06T18:00:00.000000,0.004379968677477697,-0.0005311306797874948,0.0015070331050495156
2021-10-06T19:00:00.000000,0.002397256827000316,0.009499310216316559,0.0015047653733901711
2021-10-06T20:00:00.000000,-0.008568840507499398,-0.0025073598658877927,-0.007771045983508529
2021-10-06T21:00:00.000000,-0.0016165564112498032,0.0025617979289958015,0.006517232135966111
2021-10-06T22:00:00.000000,-0.0012079218554815752,0.001523063827931992,0.000947471159078006
2021-10-06T23:00:00.000000,-0.0009900028610038136,0.0027682054206614737,-0.003823242688531181
2021-10-07T00:00:00.000000,-0.009221408243400897,-0.00883797163428035,-0.009749596073740818
2021-10-07T01:00:00.000000,-0.008208977378663551,-0.0009300714637028307,-0.006742426177194005
2021-10-07T02:00:00.000000,-0.0003636497586588794,0.0054767738493897156,0.00459431907645147
2021-10-07T03:00:00.000000,-0.0036715146326504744,-0.0048383964007356894,-0.0035715336017592136
2021-10-07T04:00:00.000000,0.013035803582382988,0.005037977281549644,0.006509886848842683
2021-10-07T05:00:00.000000,0.0016383677868965218,-0.006223859945180266,-0.0008467162031084996
2021-10-07T06:00:00.000000,-0.004314742852743247,-0.003419556961564041,-0.0026576961556603607
2021-10-07T07:00:00.000000,0.02836236599453157,0.004185980356746555,0.023779339604054428
2021-10-07T08:00:00.000000,0.04117001053250413,-0.004240934973406496,-0.006879743069530875
2021-10-07T09:00:00.000000,-0.00942978634035041,-0.003725629452784318,-0.006619118998502316
2021-10-07T10:00:00.000000,-0.010241538384221927,-0.007363490958939067,-0.003958844472400358
2021-10-07T11:00:00.000000,0.012950984390619591,0.006848520006633052,0.006729123131870907
2021-10-07T12:00:00.000000,-0.010276602211186758,-0.005774763979296438,-0.001901992070362013
2021-10-07T13:00:00.000000,0.005959525432526758,0.010729538948011097,0.017676982702711896
2021-10-07T14:00:00.000000,-0.019786236250693756,-0.014492740067115761,-0.020256037731726906
2021-10-07T15:00:00.000000,0.00716988794277984,0.002374504881489159,0.007076457751862719
2021-10-07T16:00:00.000000,0.0019506964540291216,0.0042894715032506525,0.0028944385797036176
2021-10-07T17:00:00.000000,0.0024362934686852356,0.0005348925270247662,0.00396622300850602
2021-10-07T18:00:00.000000,-0.004168602104392294,-0.004768779138235146,-0.005134122590673584
2021-10-07T19:00:00.000000,0.0019894990713844596,0.0010185091759264964,0.004247941419412982
2021-10-07T20:00:00.000000,0.0022378143202698153,0.003731830154450222,0.005002152231146084
2021-10-07T21:00:00.000000,-0.0016343304353440002,0.001768672851351738,0.00311025118956465
2021-10-07T22:00:00.000000,-0.008315174135415937,-0.00685256788862354,-0.008306360279771496
2021-10-07T23:00:00.000000,0.0016304250067031845,-0.0024309014652139638,-0.005056128117763237
2021-10-08T00:00:00.000000,0.004598242310083989,0.006093909223951144,0.00475126274118054
2021-10-08T01:00:00.000000,-0.0008231540363200507,0.0034656329044224776,0.0006650410353739034
2021-10-08T02:00:00.000000,-0.010209076530550698,-0.008445418642534008,-0.010974123448065143
2021-10-08T03:00:00.000000,0.0026137813531594833,-0.0008169024998494478,0.0015950975132028589
2021-10-08T04:00:00.000000,-0.0019343345907917309,0.0012993041271052164,-0.00036357026395705816
2021-10-08T05:00:00.000000,0.001317868769708963,0.005678522939691177,0.0029885368647732946
2021-10-08T06:00:00.000000,0.0038664359952251814,-0.0009411070696341284,-0.0006137365589076182
2021-10-08T07:00:00.000000,0.006679832468109215,0.013077356343636382,0.006259148329288422
2021-10-08T08:00:00.000000,0.0052989180595729435,0.017664091704753915,0.01693837241248275
2021-10-08T09:00:00.000000,-0.012048955988379406,-0.010618868004041104,-0.010718157457553446
2021-10-08T10:00:00.000000,0.004369658453400538,0.004675394145778,0.00044085637062707406
2021-10-08T11:00:00.000000,-0.008430205005696245,-0.004096554341616709,-0.004694066494144167
2021-10-08T12:00:00.000000,-0.001693278882745619,-0.007642285577270869,-0.0029658396073131144
2021-10-08T13:00:00.000000,-0.0006003911552024954,-0.01226559328380894,-0.0007775618275669416
2021-10-08T14:00:00.000000,0.005100658550024839,0.007113673672883181,0.014835512682788377
2021-10-08T15:00:00.000000,0.0034451524031273717,-0.004387219871869519,-0.00796948349467641
2021-10-08T16:00:00.000000,-0.004119782069127664,-0.0006072818802582702,0.0025351350033879783
2021-10-08T17:00:00.000000,-0.0036182333933280075,-5.5225735206221316e-05,-0.001569923891954872
2021-10-08T18:00:00.000000,0.0021993675218674458,0.004005149575887046,-0.00038597265587192453
2021-10-08T19:00:00.000000,-0.0008544900888146634,0.0036055861527461985,0.00024814237985637533
2021-10-08T20:00:00.000000,-0.01603747721042037,-0.013500545319791613,-0.020245466692520253
2021-10-08T21:00:00.000000,0.0015726773537751981,0.0035306658978839778,0.00561058503223677
2021-10-08T22:00:00.000000,0.00270110552314784,-0.0016436285407017692,0.0008668298340754887
2021-10-08T23:00:00.000000,-0.002175939441275365,-0.0024056711392734798,-0.00386457676641605
2021-10-09T00:00:00.000000,0.004863098693311807,0.006132268939722962,0.005707586419363864
2021-10-09T01:00:00.000000,-0.009049734459740999,-0.004780679691096523,-0.006437370042849722
2021-10-09T02:00:00.000000,0.006703600940620946,0.0024762550998307375,0.00411909514101616
2021-10-09T03:00:00.000000,0.003375003064569171,0.007630326512126473,0.0014809642944300094
2021-10-09T04:00:00.000000,0.0012762818652606311,0.002414841464748463,0.002231272192515732
2021-10-09T05:00:00.000000,-0.0038070223563618777,-0.0019021148466666915,-0.0006688590628929347
2021-10-09T06:00:00.000000,0.0067506797309754285,0.004420502220721545,0.004506140973033368
2021-10-09T07:00:00.000000,0.002906349632598171,0.0016572124386797782,0.0013589784793648363
2021-10-09T08:00:00.000000,-0.005841134227347444,-0.0035910608511837694,-0.006869247618883634
2021-10-09T09:00:00.000000,0.004510473787400993,0.003281680246878693,0.003788094329825853
2021-10-09T10:00:00.000000,0.005777601067524674,-0.000327683824453473,0.0048533687447278595
2021-10-09T11:00:00.000000,-0.0013841106334336883,-0.0018953896689453131,-0.004408652521933121
2021-10-09T12:00:00.000000,0.00014948833249428528,0.0037326724632773534,0.0015826961889917612
2021-10-09T13:00:00.000000,0.0022023611265018506,0.004768432282764579,0.005533589086217816
2021-10-09T14:00:00.000000,0.0008594267801930178,-0.001882898771155439,-0.001822701415971295
2021-10-09T15:00:00.000000,-0.004053664933692858,-0.0027946665498657097,-0.00434921804175481
2021-10-09T16:00:00.000000,-0.0017905068304638894,-0.0034405269359538693,-0.003866432265549946
2021-10-09T17:00:00.000000,0.007497366912204484,0.0019856638001627402,0.0017820849535752359
2021-10-09T18:00:00.000000,-0.004528154058778711,-0.0002548188070061741,0.0009454424818589047
2021-10-09T19:00:00.000000,-0.0026474341638590415,-0.0047441881552146015,-0.003926651939471171
2021-10-09T20:00:00.000000,-0.0007450973821010454,0.0004388691874552819,-0.0010608895715691347
2021-10-09T21:00:00.000000,0.004622533194606149,0.003121380321410072,0.0028172568528344044
2021-10-09T22:00:00.000000,-0.0032628177980674744,0.0011839386463492474,-0.00025072082367749715
2021-10-09T23:00:00.000000,0.0002906554300362574,0.0007642617058376544,-0.0032371519031766383
2021-10-10T00:00:00.000000,-0.010844299847003636,-0.0009281080911147654,-0.002266654578210847
2021-10-10T01:00:00.000000,-0.001886879179171519,-0.009071518214538443,-0.01854889610625854
2021-10-10T02:00:00.000000,0.000704376076770652,0.004216785362418207,0.006344170010404326
2021-10-10T03:00:00.000000,0.0064433599011630704,0.007818021177612877,0.0011903751086776992
2021-10-10T04:00:00.000000,0.003917635341415537,0.015258395702726801,0.011994400068070732
2021-10-10T05:00:00.000000,-0.0055107279946123855,-0.0040485885260004295,-0.0012602396122876058
2021-10-10T06:00:00.000000,0.0063373683440369755,-0.0009877608266979365,0.008788506033079457
2021-10-10T07:00:00.000000,-0.0008398721507358875,0.0010057110865275831,-0.004119584960994516
2021-10-10T08:00:00.000000,0.004124243555159168,-0.0015988362443337678,0.0018948899388835372
2021-10-10T09:00:00.000000,-0.007636856107420709,-0.010900423370683754,-0.004771946713178821
2021-10-10T10:00:00.000000,-0.003249642096573635,0.0009265399847127043,-0.0015957226829144133
2021-10-10T11:00:00.000000,0.00039957024532466523,0.002611488399530515,-0.0008689193713085075
2021-10-10T12:00:00.000000,-0.002479913096305575,-0.0041380120390517305,-0.00587798579044474
2021-10-10T13:00:00.000000,-0.002011107421279301,0.005151751920584147,0.0014938627579041963
2021-10-10T14:00:00.000000,0.0004368632397805383,-0.001702220540680699,0.0003660785983470305
2021-10-10T15:00:00.000000,0.0008286241082492429,0.00439449858598806,0.0021374740953898907
2021-10-10T16:00:00.000000,-0.001301158080420528,0.0016407190388996185,-0.0032079268864144694
2021-10-10T17:00:00.000000,-0.0028577890799981187,-0.0020738851287678273,-0.006815733620525677
2021-10-10T18:00:00.000000,0.0008224511742137564,-0.0005417216044651951,0.0016728812895205891
2021-10-10T19:00:00.000000,-0.001283140516732617,0.002543543750155308,0.00028326204761341955
2021-10-10T20:00:00.000000,-0.004295055863550945,-0.0010996044335040978,-0.004854860838037212
2021-10-10T21:00:00.000000,-0.013764242868563148,-0.011464354267152643,-0.016326307690317066
2021-10-10T22:00:00.000000,0.01309680986518158,0.002241520068890779,0.002946361067300174
2021-10-10T23:00:00.000000,-0.015920504300987237,-0.0041772755264375405,-0.015610101432319112
2021-10-11T00:00:00.000000,0.007604391742018324,0.00877214571938012,0.00889594759938106
2021-10-11T01:00:00.000000,-0.0009683803066582453,0.0033465719857748155,0.0025810207904690685
2021-10-11T02:00:00.000000,0.005024465179328752,0.00866693669124885,0.007530873073054778
2021-10-11T03:00:00.000000,0.006115153282059249,0.012719762332253026,0.012171231076733235
2021-10-11T04:00:00.000000,-0.001956290680404371,-0.0008665588431657767,0.00034071550585146326
2021-10-11T05:00:00.000000,-0.00441400352323984,0.001361398383872725,0.001475093879182765
2021-10-11T06:00:00.000000,0.0021429659168332726,0.0020474449400413874,-0.0011912529417372753
2021-10-11T07:00:00.000000,0.00786916093096357,0.0022719877328700733,0.016214745524360197
2021-10-11T08:00:00.000000,-0.00036671810075339373,-0.004089768952585615,0.006873453060221024
2021-10-11T09:00:00.000000,-0.0038339850559799826,-0.0009896966327520573,-0.005924501022724016
2021-10-11T10:00:00.000000,-0.008715128630910285,-0.0053364663159793935,-0.005819500504182784
2021-10-11T11:00:00.000000,0.0007289801619140279,0.0033895630461451276,-0.0005894323376054444
2021-10-11T12:00:00.000000,0.0004185837675507731,0.0012216823552240186,0.003139631990618952
2021-10-11T13:00:00.000000,0.0030943414097984734,0.012956714461973107,0.0060551283716065996
2021-10-11T14:00:00.000000,-0.003671353926613885,0.004078934674996759,0.0016677789055865588
2021-10-11T15:00:00.000000,-0.001900837597654137,0.0006608236189276084,-0.00127838163201055
2021-10-11T16:00:00.000000,-0.005639903516414968,-0.0032910518399162925,-0.004850454133748627
2021-10-11T17:00:00.000000,-0.002486640448055688,0.002125621499011743,-0.0035832298570923626
2021-10-11T18:00:00.000000,-0.0030866342209333597,-0.0011842152475836087,-0.0033428405920084003
2021-10-11T19:00:00.000000,-0.012354467879780895,0.0021757869698788568,-0.010465672262769843
2021-10-11T20:00:00.000000,-0.011071197288112677,-0.0026463793148803205,-0.007305760070975609
2021-10-11T21:00:00.000000,0.011435658811858707,-0.002898147913505511,0.007760602731687882
2021-10-11T22:00:00.000000,0.0038708694538049926,0.00013986258523779327,-0.0016213221590959392
2021-10-11T23:00:00.000000,0.003494287838784582,0.005404664643148038,0.008503934687920989
2021-10-12T00:00:00.000000,-0.013170519915944867,-0.009802201404450983,-0.011126363646495108
2021-10-12T01:00:00.000000,0.0022176499909619674,0.0023325773267188765,0.0043005919066345655
2021-10-12T02:00:00.000000,-0.015308469179006745,-0.004917035106423384,-0.010226323123156078
2021-10-12T03:00:00.000000,-0.005381234207425534,-0.0008805918145640135,0.00134854048124744
2021-10-12T04:00:00.000000,0.008680059233783455,0.004307509627247796,0.0034348556784493667
2021-10-12T05:00:00.000000,0.00522463297025888,0.007707066224627468,0.0037078277555266936
2021-10-12T06:00:00.000000,-0.014504134170083338,-0.0036451515425159897,-0.009151811287562595
2021-10-12T07:00:00.000000,0.006742000915226365,0.002425766658120665,0.0007754276009972472
2021-10-12T08:00:00.000000,0.0033457867966399935,0.002037281196379581,0.004525672252398749
2021-10-12T09:00:00.000000,-0.0157980868693518,-0.00899875897094482,-0.01732506112120369
2021-10-12T10:00:00.000000,0.0020153320224309823,0.004378444067935305,0.006925656856710205
2021-10-12T11:00:00.000000,0.006807199999701918,0.0010130651324047335,-0.0013870830138991153
2021-10-12T12:00:00.000000,-0.01393041666644712,-0.006620916780809338,-0.011488194752908854
2021-10-12T13:00:00.000000,0.02810686635721671,0.0015102029351510282,0.023531857955337188
2021-10-12T14:00:00.000000,-0.015075863708454373,-0.009715576259242908,-0.004008021397538641
2021-10-12T15:00:00.000000,0.013538177821212916,-0.001418490255224114,0.005834923024632843
2021-10-12T16:00:00.000000,0.00540769769641225,-0.007283638743206922,0.0026487818280678255
2021-10-12T17:00:00.000000,-0.008788611791999745,1.7873260707901295e-05,-0.007680814404110947
2021-10-12T18:00:00.000000,0.0017000976249909039,-0.006203293643087804,-0.00020066218588432605
2021-10-12T19:00:00.000000,-0.003108858278159321,-0.004632683971108165,-0.0058944633481861075
2021-10-12T20:00:00.000000,0.007031051770356234,0.0005780033757378789,0.0038856237815210193
2021-10-12T21:00:00.000000,-0.004847026254941822,0.012596613716921112,0.0018941573795512312
2021-10-12T22:00:00.000000,-0.0030881825801063467,0.005884827593597208,0.004320155492511191
2021-10-12T23:00:00.000000,-0.0017399755417785157,-0.006955281389771528,-0.0027158004714031847
2021-10-13T00:00:00.000000,0.011769298861585509,0.00821308748145988,0.009515741318688598
2021-10-13T01:00:00.000000,-0.005134523337917418,-0.0029255080660757216,-0.0066572080855920035
2021-10-13T02:00:00.000000,0.00489428477754017,0.002110771924657584,0.004499893672029742
2021-10-13T03:00:00.000000,-0.005067766054891121,-0.0027146688542547537,-0.004528438594602946
2021-10-13T04:00:00.000000,0.000541443275950404,-0.0036488920277051307,0.0018822192923177994
2021-10-13T05:00:00.000000,-0.023901250053458667,-0.01844688915223891,-0.016402522136951703
2021-10-13T06:00:00.000000,0.007712446216788571,0.0059039959967499556,0.0030653580972153094
2021-10-13T07:00:00.000000,-0.0062639213481854306,-0.013708557858469916,-0.009924055680793131
2021-10-13T08:00:00.000000,0.007962882154893935,0.00021965148719260696,-0.0005542348055485036
2021-10-13T09:00:00.000000,0.004000413443041806,0.0048019519143043254,0.006746565080204547
2021-10-13T10:00:00.000000,0.0006604496268495241,-0.0042164503789337004,0.00020285445262580026
2021-10-13T11:00:00.000000,0.005119640322060026,0.010191171006187716,0.005346292734897062
2021-10-13T12:00:00.000000,-0.00012243302693293323,-0.002864863883967672,0.00040342334063048213
2021-10-13T13:00:00.000000,-0.006363565500600354,-0.0030005750879240622,-0.008128597383050717
2021-10-13T14:00:00.000000,0.00385037938799615,0.016115103138520936,0.013329683804899517
2021-10-13T15:00:00.000000,-0.0010557231443469872,0.006787073509151753,-0.0007741380932806408
2021-10-13T16:00:00.000000,0.00010633132140858148,0.013894022561201425,0.002377849883485439
2021-10-13T17:00:00.000000,0.012251334147542203,-0.001387778986201127,0.005023558445266474
2021-10-13T18:00:00.000000,0.005727593795370911,0.0018440954671437026,0.0006261740968529494
2021-10-13T19:00:00.000000,0.001120266383345836,0.0052327277894654856,0.0027845673501971646
2021-10-13T20:00:00.000000,-0.0005170684883130106,-0.00472400493596048,0.014814668514038232
2021-10-13T21:00:00.000000,0.009340101926724187,0.00939105157933895,-0.0004194454992063612
2021-10-13T22:00:00.000000,0.006664141713496274,-0.0024875418357126478,0.008965673310564526
2021-10-13T23:00:00.000000,-0.00028534936657720333,-0.00019160591946665306,0.0009143174426515799
2021-10-14T00:00:00.000000,-0.00429462619973997,0.005922778258364403,-0.0012470038887482104
2021-10-14T01:00:00.000000,0.0051048057501661415,0.010234057827435805,0.012099311134342372
2021-10-14T02:00:00.000000,-0.003308749259729571,-0.00123492803372649,-0.0029630464214864816
2021-10-14T03:00:00.000000,-0.0038572455939790418,-0.002491645688456501,0.002031182077343985
2021-10-14T04:00:00.000000,-0.0012599208928224526,-0.0013945923078431122,0.002683609694242861
2021-10-14T05:00:00.000000,0.0009956530109771489,-0.0008790754761101027,-0.004797224074104989
2021-10-14T06:00:00.000000,0.0017543501579827536,-0.004614874281360315,-0.0029720975150056006
2021-10-14T07:00:00.000000,-0.004511493315109472,-0.005332697479218496,0.0014321126105052429
2021-10-14T08:00:00.000000,0.002053620456746841,0.0016010584325751864,0.0037084388785633138
2021-10-14T09:00:00.000000,-0.0020236607065166057,-0.001043877752330502,-0.0037084388785633138
2021-10-14T10:00:00.000000,0.0011516174586552186,0.004324988286761311,0.002391457866744773
2021-10-14T11:00:00.000000,0.010334926426774471,-0.0003466985664069,0.026283077897437224
2021-10-14T12:00:00.000000,0.0037180047491702783,-0.0013011912071050347,-5.348737699151229e-05
2021-10-14T13:00:00.000000,0.0005173775428332084,-0.002886004889134597,0.008283109694326996
2021-10-14T14:00:00.000000,0.002064573592259311,-0.00022636450004753783,0.006292821062148235
2021-10-14T15:00:00.000000,-0.002899771796110562,-0.0011325917520910167,0.004418269337664427
2021-10-14T16:00:00.000000,-0.007070323395732103,-0.003947948179609639,-0.006766834230818475
2021-10-14T17:00:00.000000,0.0015651082376753056,0.0014691995506659339,0.0020849560870939143
2021-10-14T18:00:00.000000,0.002120978634313042,0.015521395129939108,0.0027381408292761478
2021-10-14T19:00:00.000000,-0.005434591133728239,-0.0040867410415774685,-0.002527248225552725
2021-10-14T20:00:00.000000,-0.007576220578080606,-0.007126971217967792,-0.008949197908682649
2021-10-14T21:00:00.000000,0.0035319809684872805,0.005812910582099207,0.005437318614383457
2021-10-14T22:00:00.000000,0.0007977479562653045,-0.0030150254164791335,0.0014009491737958513
2021-10-14T23:00:00.000000,-0.00048960847242141,-0.004208482290980697,0.0022163597463258355
2021-10-15T00:00:00.000000,-0.009954308466928019,-0.005381993839669974,-0.006663870651310688
2021-10-15T01:00:00.000000,-5.341191853380778e-05,0.003707594313578255,-0.004627298632351895
2021-10-15T02:00:00.000000,0.012565748104582775,0.03190197445603182,0.02206524296490109
2021-10-15T03:00:00.000000,-0.0017237683401877257,0.005446480426604339,-0.0029245131426982596
2021-10-15T04:00:00.000000,0.009966297936775503,0.003340863168993735,0.0004967255432131168
2021-10-15T05:00:00.000000,0.004343935203585669,-0.0005867806866053371,0.007706765909613722
2021-10-15T06:00:00.000000,-0.0057619506069003235,0.00142444198537639,-0.006400771209163381
2021-10-15T07:00:00.000000,0.0016113288070171983,-0.007243790025722063,-0.006100533405424713
2021-10-15T08:00:00.000000,-0.019168639703174062,-0.00488676054278514,-0.010693312365880558
2021-10-15T09:00:00.000000,-0.0014219853354426881,0.006504774783730127,0.0044232038319123035
2021-10-15T10:00:00.000000,0.0011020409752104943,-0.0009940944871349444,0.0003699202071469898
2021-10-15T11:00:00.000000,0.00377715274374546,0.004054411987160833,-0.001057278136180173
2021-10-15T12:00:00.000000,-0.005257647842876412,-0.0041049855759585085,-0.0028072052333225628
2021-10-15T13:00:00.000000,0.006065844384837038,0.011848340847636862,0.01225650894419772
2021-10-15T14:00:00.000000,0.0019439220528157941,0.0012486994338445356,-0.0014681210690650204
2021-10-15T15:00:00.000000,0.022847881925167624,-6.655795536403275e-05,-0.005471969877993033
2021-10-15T16:00:00.000000,0.005154297497520943,0.022817430250631432,0.019901934011256728
2021-10-15T17:00:00.000000,-0.007356611379838118,0.004932272512236935,-0.002122758310898476
2021-10-15T18:00:00.000000,0.004343618241529734,-0.0016521968252387609,0.006019990018344856
2021-10-15T19:00:00.000000,-0.002467851152328282,-0.00329634047779237,-0.008251149330218865
2021-10-15T20:00:00.000000,0.007081236784256206,0.017797161876252687,0.008766201748187541
2021-10-15T21:00:00.000000,-0.010510781128727609,-0.021577761497052705,-0.011002350265723493
2021-10-15T22:00:00.000000,0.001763623087046473,0.0009464907118257315,0.002340033828247101
2021-10-15T23:00:00.000000,0.0014541718687922645,0.0065356521963142455,0.005464706760710314
2021-10-16T00:00:00.000000,0.0029402026681403237,-0.004140792666031956,-0.006504045834679673
2021-10-16T01:00:00.000000,0.00018866949876616967,-0.0011885671026448108,-0.002681280810834963
2021-10-16T02:00:00.000000,0.0026779602512914114,0.004389037720175182,0.005096082373764688
2021-10-16T03:00:00.000000,-0.007956146220980287,0.000243271516538357,-0.0028568479850008544
2021-10-16T04:00:00.000000,-0.00028903235331301236,0.0014583876061653456,-0.0023174377958667947
2021-10-16T05:00:00.000000,-0.00011744326035989516,0.006407846896841818,0.005252085601966883
2021-10-16T06:00:00.000000,0.0005915930734869956,-0.0040142244313639,-0.0013493877903858476
2021-10-16T07:00:00.000000,-0.0033101906677082127,-0.0019079655239888638,0.0011678454581058872
2021-10-16T08:00:00.000000,0.008856818729643279,-0.0033558438523115797,0.02244115460461238
2021-10-16T09:00:00.000000,0.0005094477987919177,-0.0016740213730788156,-0.0013450583828991114
2021-10-16T10:00:00.000000,0.0009015576026395467,0.0017876881833043257,0.0007615759913175424
2021-10-16T11:00:00.000000,0.006185771042659272,0.0010061995720551664,0.004961407468776713
2021-10-16T12:00:00.000000,-0.019652080776163094,-0.015397996210108289,-0.015138119667870598
2021-10-16T13:00:00.000000,0.005991616095619379,0.005372073277072786,0.005343572957782428
2021-10-16T14:00:00.000000,-0.000381757421516693,-0.0020173035665678185,-0.005292302738078902
2021-10-16T15:00:00.000000,-0.0026695942463386135,0.0010173608570056558,0.0026368690316704857
2021-10-16T16:00:00.000000,-0.00016765294972531652,-0.004668680703131756,-0.0029188877749657394
2021-10-16T17:00:00.000000,-0.006061141124816927,-0.001368564457804311,-0.007179742366892228
2021-10-16T18:00:00.000000,-0.0005882956697358388,0.008036131693383908,-0.00028413127055770815
2021-10-16T19:00:00.000000,-0.004372883248733417,-0.003837454281184094,-0.007754288780006391
2021-10-16T20:00:00.000000,0.0025327967066548496,0.0033626709944591937,-0.0019023550631374064
2021-10-16T21:00:00.000000,-0.005519982944904411,-0.006093924131993944,-0.0043394222954376005
2021-10-16T22:00:00.000000,0.004061033358310651,0.002123125576368068,0.0031388166284340713
2021-10-16T23:00:00.000000,-0.002421794112353992,0.001626323799694518,0.000939727026267434
2021-10-17T00:00:00.000000,-0.00368862060636177,0.0006399475133278543,0.0030220161073746254
2021-10-17T01:00:00.000000,0.004209216849874076,0.002637508184172077,0.002130756444865156
2021-10-17T02:00:00.000000,-0.0013674305911384188,0.00013087506357933876,-2.5957507562068827e-05
2021-10-17T03:00:00.000000,0.0012046300546835198,0.0006704659989686945,0.007241910400420437
2021-10-17T04:00:00.000000,0.000758745378769965,-0.0036849344426563846,-0.0007992059927577344
2021-10-17T05:00:00.000000,-0.007396469815521112,-0.00406093597776902,-0.004705039443420489
2021-10-17T06:00:00.000000,0.003242689223858175,1.647432887708078e-05,0.004576075411311109
2021-10-17T07:00:00.000000,-0.002425840874552554,-0.0055838379405095395,0.0013404136666945732
2021-10-17T08:00:00.000000,0.004471592861448381,0.005715622801915288,0.0023414092594542524
2021-10-17T09:00:00.000000,0.003621506514919548,0.00919836948182784,0.0017203973995130184
2021-10-17T10:00:00.000000,-0.0005996219357491395,-0.0012248399032603885,-0.0025431253029726264
2021-10-17T11:00:00.000000,-0.006474506512999967,-0.0030277016705415605,-0.007201982626074965
2021-10-17T12:00:00.000000,0.0005183083912677633,-0.0015090876166201639,-0.0008812171733705298
2021-10-17T13:00:00.000000,0.0016084998514809268,0.002426548934620243,0.001502785617706337
2021-10-17T14:00:00.000000,-0.00288978610615076,0.00018011674888818163,-0.0009065831504315724
2021-10-17T15:00:00.000000,-0.0069140214387262144,-0.0043153376071245475,-0.018649595643434935
2021-10-17T16:00:00.000000,0.0009353072167852527,0.0031685860643992925,0.006526338954126132
2021-10-17T17:00:00.000000,0.002560073311914768,0.0009175064131810018,-0.0019954845670078214
2021-10-17T18:00:00.000000,0.0016253117505757864,-0.000737215488701537,0.0017856209775697351
2021-10-17T19:00:00.000000,-0.00678691585734259,-0.00788111715987938,-0.012115281546806855
2021-10-17T20:00:00.000000,-0.014430670495282905,-0.018286738233575406,-0.017871254094773192
2021-10-17T21:00:00.000000,0.011929615442183072,0.020448294735258443,0.01773846784061206
2021-10-17T22:00:00.000000,0.0010207387958302006,0.01121102675130814,0.017246573425680367
2021-10-17T23:00:00.000000,0.006236915423225908,0.0035793348119224078,0.005233364805066643
2021-10-18T00:00:00.000000,-0.0009124405173012162,0.01542273025757801,0.007811933465093901
2021-10-18T01:00:00.000000,-0.0015465647671926153,-0.006385185012891981,-0.0009022363182129567
2021-10-18T02:00:00.000000,-0.0006476240664323729,0.00030574888599588235,-0.0032030611426616673
2021-10-18T03:00:00.000000,-0.004083409487703582,0.00033782425416895023,-0.0024609179982189033
2021-10-18T04:00:00.000000,0.0032401735024144562,0.003980935318265821,0.003314347932995787
2021-10-18T05:00:00.000000,0.0018411914200540114,-0.00020828493454239094,0.0026332789193315165
2021-10-18T06:00:00.000000,-0.0013463138572978872,-0.0017320464926040557,-0.0037972276818063477
2021-10-18T07:00:00.000000,-0.0025676582377683888,-0.006441246102857789,-0.006282797550477781
2021-10-18T08:00:00.000000,0.0007984478412751406,-0.0009697754113826562,-0.003861915401824234
2021-10-18T09:00:00.000000,-0.004657663756033603,-0.009455951138470198,-0.006294442350954554
2021-10-18T10:00:00.000000,0.0010631202292001873,0.0012072764334458697,-0.0034525051754421554
2021-10-18T11:00:00.000000,-0.005688559913306412,-0.006215060403434336,-0.011310355536901184
2021-10-18T12:00:00.000000,-0.0027233939293476173,-0.005593775896793218,-0.0038791364739054757
2021-10-18T13:00:00.000000,0.010173542574188121,0.020574841591026072,0.019720107704957357
2021-10-18T14:00:00.000000,-0.0037696144937153786,0.004080749551851781,-0.004372224943839598
2021-10-18T15:00:00.000000,-0.0016580800051626543,-0.0017721931495007226,-0.006886714721108689
2021-10-18T16:00:00.000000,-0.004326743493165863,-0.002955261462723513,-0.008514778719268534
2021-10-18T17:00:00.000000,-0.005057446780129093,-0.0014728139067532453,0.00010721848456896055
2021-10-18T18:00:00.000000,0.004294451090304796,0.0019417167635253918,-5.3607805309496825e-05
2021-10-18T19:00:00.000000,0.002096838919898758,-0.006747466924780454,0.004973272282571273
2021-10-18T20:00:00.000000,0.002535742393831031,-0.0012376440747985384,-0.003607170148196559
2021-10-18T21:00:00.000000,0.0014504625159150741,0.007273585880216871,0.002966845695272724
2021-10-18T22:00:00.000000,0.00039564139486880645,0.004470958372111866,0.0008003415217530119
2021-10-18T23:00:00.000000,-0.003150738598721947,-0.0007088542634754447,-0.00048012804336750037
2021-10-19T00:00:00.000000,-0.0036342505995352603,-0.002856614516490552,0.001173239608755594
2021-10-19T01:00:00.000000,0.004160063567775207,-0.00037179829562816735,0.00957427318656201
2021-10-19T02:00:00.000000,0.00595241245466771,-0.001310478350287525,-0.00026398458483356535
2021-10-19T03:00:00.000000,0.0056481422703137385,0.013699064621411239,0.009982744594715598
2021-10-19T04:00:00.000000,-0.007943952317833736,-0.002766474671361152,-0.0018838310123747704
2021-10-19T05:00:00.000000,-0.00434444026417391,0.0008803451521330885,0.0009946863631942193
2021-10-19T06:00:00.000000,-0.0016710915691179329,-0.004393426558275237,-0.008618477856618512
2021-10-19T07:00:00.000000,0.004726354774293839,0.0014291795892145132,0.00578888049601467
2021-10-19T08:00:00.000000,-0.0019873221056568857,0.0041474898317677145,0.00034102386185708156
2021-10-19T09:00:00.000000,-0.003412018208376888,-0.006557400546158831,-0.005048523778004466
2021-10-19T10:00:00.000000,0.0012467832259587253,0.0019123383755683676,-0.00036912044291703694
2021-10-19T11:00:00.000000,0.0007426260631718806,-0.0017997465930399414,0.002002160894337024
2021-10-19T12:00:00.000000,-0.00017620627927295018,0.0011734166251606837,0.0009207013763798955
2021-10-19T13:00:00.000000,0.00018795226067913617,0.005974278794990795,0.002206230868104342
2021-10-19T14:00:00.000000,-0.004230416531766812,-0.001070501400413093,-0.0019170425650703038
2021-10-19T15:00:00.000000,-0.0039143896526386834,-0.0022405745241780295,-0.007440274943393277
2021-10-19T16:00:00.000000,0.0053430084733164795,0.012720367017751144,0.008333601329654883
2021-10-19T17:00:00.000000,-0.0007682772586057318,0.0033954281245396345,0.0016531748651402722
2021-10-19T18:00:00.000000,-0.004361598446398718,0.0005831685128203645,-0.0016269126367891573
2021-10-19T19:00:00.000000,-0.004682793212022696,0.012339842452126604,0.0027013221425349343
2021-10-19T20:00:00.000000,-0.00275868815742053,-0.0016978593921166407,-0.0030165144124278953
2021-10-19T21:00:00.000000,0.0014970205417942362,-0.0006237914243811815,0.0017585537150495156
2021-10-19T22:00:00.000000,0.004480033351287993,0.0005926110929319606,0.01834484745809739
2021-10-19T23:00:00.000000,0.0016491058051210095,0.0027867964448340388,-0.0007211848348642746
2021-10-20T00:00:00.000000,-0.004441720494056223,-0.003285814014368782,-0.0020375798545888557
2021-10-20T01:00:00.000000,-0.0010968552763106487,-0.0038915115805160383,-0.0030253297280573577
2021-10-20T02:00:00.000000,-0.0007358763869278473,-0.000563883291103906,-0.003190374527074269
2021-10-20T03:00:00.000000,-0.0020389895110609624,0.0007987408510743421,-0.0006496966145448368
2021-10-20T04:00:00.000000,0.004950746828605301,0.003282227356992351,0.003477451991354741
2021-10-20T05:00:00.000000,-0.001811715300256922,-0.0038459781940591853,-0.004439778294210939
2021-10-20T06:00:00.000000,-0.000864216836496956,0.00017229092147630354,-0.0007028230346701747
2021-10-20T07:00:00.000000,0.0037039632866520122,0.00298687405877196,0.005712372399925059
2021-10-20T08:00:00.000000,0.0012545223137265804,0.00024980484126757574,-0.002358889046631063
2021-10-20T09:00:00.000000,0.00436313763947116,-0.0001405075447067361,0.004944673850474146
2021-10-20T10:00:00.000000,0.005217802220329748,-0.0024386062013785903,-0.003933039975629882
2021-10-20T11:00:00.000000,0.007278593822415469,-0.0011431883668873155,0.0018908248850433296
2021-10-20T12:00:00.000000,0.006617333905307832,0.009900685044970103,0.018663380111700434
2021-10-20T13:00:00.000000,0.004748386482554157,0.02625988212890107,0.019069280511860853
2021-10-20T14:00:00.000000,0.012553984540765617,0.009880002471970073,0.010534893243482557
2021-10-20T15:00:00.000000,9.100816577045645e-05,0.001823945009901351,0.007639343964928713
2021-10-20T16:00:00.000000,-0.00041187802166287035,-0.005977590664718591,-0.0011507622008117835
2021-10-20T17:00:00.000000,-0.003390208585946297,-0.001323189078270559,-0.0001470011762751966
2021-10-20T18:00:00.000000,0.0026525002751303095,0.004219067104521912,0.011329012277034423
2021-10-20T19:00:00.000000,0.0001024920370277238,-0.0043093483306027025,-0.005295258796396141
2021-10-20T20:00:00.000000,-0.004199375809337824,-0.005673945324048191,0.0019950859394946008
2021-10-20T21:00:00.000000,0.0018964671997274696,-0.0030464031320267537,0.0017485069295162248
2021-10-20T22:00:00.000000,-0.00456445761112656,0.0013803671540841833,0.002302389442125019
2021-10-20T23:00:00.000000,0.005543271727156518,0.0013330507624367272,0.008941003543187165
2021-10-21T00:00:00.000000,0.01898846985937419,-0.005160283427551704,0.006361679312792745
2021-10-21T01:00:00.000000,-0.00017902458502916385,-0.009847776691470855,0.0017864165671159782
2021-10-21T02:00:00.000000,-0.001471453073182416,-0.0014609431062257983,-0.0006665555987499516
2021-10-21T03:00:00.000000,-0.00013224563188418692,0.002029364982728765,-0.002050060312745572
2021-10-21T04:00:00.000000,0.0031914230250877917,-0.0003225781704010444,-0.004208619521818946
2021-10-21T05:00:00.000000,0.017247879555919,-0.0035860812438581746,0.0015085306662019349
2021-10-21T06:00:00.000000,-0.014044335966565957,-0.0018982805431786431,-0.004460332087136365
2021-10-21T07:00:00.000000,0.008430371139873216,0.006559217936585426,0.0016089721660872414
2021-10-21T08:00:00.000000,-0.0006009230535398702,0.011853956969401835,0.007768189646510493
2021-10-21T09:00:00.000000,0.010941008940429042,0.005324230204712066,0.024878425755769484
2021-10-21T10:00:00.000000,0.0005157376583128093,-0.008772849998180732,0.0021111982507235894
2021-10-21T11:00:00.000000,-0.02433934377575442,-0.012819608415311379,-0.023282219218170752
2021-10-21T12:00:00.000000,0.00823536164402383,0.0034930367200569634,0.003882764478353451
2021-10-21T13:00:00.000000,-0.006745568463111695,-0.004973947133395384,-0.002768478987462686
2021-10-21T14:00:00.000000,-0.019187091714214732,-0.016734642821635504,-0.02514588213797353
2021-10-21T15:00:00.000000,-0.010297256746971573,-0.010494103674739463,-0.005359983596196827
2021-10-21T16:00:00.000000,-0.008577650957057426,-0.003114128893013657,-0.008537624539078692
2021-10-21T17:00:00.000000,-0.0020431058120787826,-0.004929300976661111,-0.0029115693683241517
2021-10-21T18:00:00.000000,0.0035767576999917727,0.003926267911888104,0.004560983215762704
2021-10-21T19:00:00.000000,0.0013391504189559367,0.00128942924811426,0.004540275061675203
2021-10-21T20:00:00.000000,-0.00201403868794936,-0.0024848294908785817,0.002641040343721812
2021-10-21T21:00:00.000000,0.00026908222247989944,0.001529856396290441,0.00021977217040181074
2021-10-21T22:00:00.000000,-0.008012943620740565,-0.004916603407131959,-0.0057298327628938495
2021-10-21T23:00:00.000000,-0.0008256624772770005,-0.003960401216096088,-0.003862861102646775
2021-10-22T00:00:00.000000,0.012501121999187403,0.00995923858686254,0.01601794961528391
2021-10-22T01:00:00.000000,-0.0033401765028232555,-0.004208183463674686,-0.0039622303498756395
2021-10-22T02:00:00.000000,0.002891764659086249,0.004462656626081696,0.002092458184389301
2021-10-22T03:00:00.000000,0.009944814277408787,0.006261860490820226,0.011286719698023973
2021-10-22T04:00:00.000000,-0.0029503449140085847,-0.003181515089140774,-0.0017077780191225855
2021-10-22T05:00:00.000000,0.009618929863204895,-0.0003012645204520936,-0.004560323506026975
2021-10-22T06:00:00.000000,-0.005243527722906927,-0.00467327709093901,-0.003148846007388073
2021-10-22T07:00:00.000000,0.006282127592866393,0.010602570062619776,0.00631191561227773
2021-10-22T08:00:00.000000,-0.00031123949675981866,0.002597792551302547,0.0003856443924483699
2021-10-22T09:00:00.000000,-0.0077805783231542636,-0.004143924375147989,-0.005897298058121336
2021-10-22T10:00:00.000000,0.003118586452620531,-0.0013271611762668556,-0.00259712035687798
2021-10-22T11:00:00.000000,0.0009241037707341526,0.0026210265423287638,0.003275628634053618
2021-10-22T12:00:00.000000,-0.00044255055835784596,0.0041385772344693095,0.003747722509762852
2021-10-22T13:00:00.000000,-0.014261400619768771,-0.019792577095426367,-0.01846266243255279
2021-10-22T14:00:00.000000,0.0012351620233763683,-0.013367393788394466,-0.00968339170707111
2021-10-22T15:00:00.000000,-0.008000033383503635,-0.014668030684395816,-0.014678015597210603
2021-10-22T16:00:00.000000,0.003955796113160215,0.007679722680427048,0.0010322386646492987
2021-10-22T17:00:00.000000,-0.0038276446052823987,-0.009361365150748924,-0.008820873309005606
2021-10-22T18:00:00.000000,0.004581677848631283,0.0009071192989029697,0.005215994000261404
2021-10-22T19:00:00.000000,0.0038309744299896975,0.006736355652446235,0.006369047421296514
2021-10-22T20:00:00.000000,-0.0015676521266205778,-0.004957493983953398,-0.0015319130558975047
2021-10-22T21:00:00.000000,-0.006164907055515978,-0.005792907941948755,-0.006910145523386646
2021-10-22T22:00:00.000000,0.005243516848742136,0.0036183135857186244,0.004872332070535279
2021-10-22T23:00:00.000000,-0.0003243090508332491,0.0011373096438500596,0.0008558842561505742
2021-10-23T00:00:00.000000,0.0007179715528489172,0.007794399625716153,0.0075453137315761865
2021-10-23T01:00:00.000000,-0.0020069810720089176,-0.0023892918773285032,0.001447394942244884
2021-10-23T02:00:00.000000,0.0026272638760407308,0.0018824536377959333,0.004875752836925429
2021-10-23T03:00:00.000000,-0.000782360360812695,0.0016177134946726568,-0.0013409487979050283
2021-10-23T04:00:00.000000,0.0013259486350046812,-0.0015359480143786186,0.0033737721465563197
2021-10-23T05:00:00.000000,-0.004649694187161546,-0.002587027018380539,-0.006036160661071932
2021-10-23T06:00:00.000000,0.0030689991623881197,0.0009340664521744202,0.004449920955034159
2021-10-23T07:00:00.000000,0.0034359209737119256,-0.0026898490877851344,-0.004076261454128982
2021-10-23T08:00:00.000000,0.00012694441352001373,0.003262966617125329,0.0021893279052065395
2021-10-23T09:00:00.000000,-0.005477855284677147,-0.006684923101884621,-0.005757240471460534
2021-10-23T10:00:00.000000,-0.005963149594718109,-0.009072008714744229,-0.010957636655625436
2021-10-23T11:00:00.000000,0.01031178794862131,0.023730038466428738,0.021450286191702972
2021-10-23T12:00:00.000000,-0.004316150328058432,-0.0005035696697568426,-4.946944026329447e-05
2021-10-23T13:00:00.000000,-3.712925855614557e-05,-0.0028963831755621783,-0.002947845131073379
2021-10-23T14:00:00.000000,-0.001272510011604111,-0.00529369751861708,-0.0008686696251292148
2021-10-23T15:00:00.000000,0.006551887731496175,0.007214708756331234,0.015179434920337798
2021-10-23T16:00:00.000000,-0.0057691488255279255,-0.005332563210080465,-9.782821373605088e-05
2021-10-23T17:00:00.000000,-0.0005132403343056646,0.00189492999723484,0.0049770767325032494
2021-10-23T18:00:00.000000,0.0011004728035495237,0.0011743599457627596,0.0015806435292891052
2021-10-23T19:00:00.000000,-0.004336928652922789,-0.005131652569399847,-0.007291737079265559
2021-10-23T20:00:00.000000,0.002569546716000848,0.0021277648501012436,0.0014674952494182492
2021-10-23T21:00:00.000000,0.002212798675715999,-0.001718227539624806,0.0003665375680945715
2021-10-23T22:00:00.000000,0.0006561641990653344,-0.0003603839766412875,0.006768956938582704
2021-10-23T23:00:00.000000,0.005150861001014251,0.004740120022789895,0.012180124773005119
2021-10-24T00:00:00.000000,-0.004096799116868,-0.0036593574888232894,-0.00634892229313877
2021-10-24T01:00:00.000000,0.0008540174632152286,-0.0014084970719281387,-0.002439644200892488
2021-10-24T02:00:00.000000,-0.00034475937178790605,0.00314182647865735,0.0022707517729028126
2021-10-24T03:00:00.000000,-0.0013848621519840787,0.0008165665465487137,-0.0016179865638683566
2021-10-24T04:00:00.000000,-0.0021389538884449832,-0.004171478087929614,-0.006692881087257518
2021-10-24T05:00:00.000000,-0.000796897022908305,-0.0013122930921021236,0.0008755290213446898
2021-10-24T06:00:00.000000,-0.0015375045914917118,-0.0036671339638090217,-0.00502036001922157
2021-10-24T07:00:00.000000,-0.0014792574729681762,8.237028743707242e-05,0.0010988341255817602
2021-10-24T08:00:00.000000,-0.0030773350022542667,-0.002705290159031648,-0.005359056517853844
2021-10-24T09:00:00.000000,0.0011171540380282563,0.004170347171452704,0.004773161913295354
2021-10-24T10:00:00.000000,0.0005160868588298673,0.002710451676207981,-0.00034193044491104274
2021-10-24T11:00:00.000000,-0.009073733949301999,-0.01166593269783256,-0.016328200124210213
2021-10-24T12:00:00.000000,0.0016077949723575236,0.002089067974667458,0.0035443890819397694
2021-10-24T13:00:00.000000,-0.0001387851596198475,0.0023656512020870935,0.0015822396932403393
2021-10-24T14:00:00.000000,-0.003624635436666801,-0.00689749385329641,-0.006269457649159094
2021-10-24T15:00:00.000000,-0.005456958717632632,-0.0038006380138693174,-0.005358869269358024
2021-10-24T16:00:00.000000,0.006528276989794968,0.00838216722570273,0.007147067639760252
2021-10-24T17:00:00.000000,-2.8302020294468377e-05,-0.0007455577531274571,-0.0012911557636190452
2021-10-24T18:00:00.000000,-0.0076496106094057215,-0.0031540530795286514,-0.007131310611077524
2021-10-24T19:00:00.000000,0.007880720338031555,0.008641579453049886,0.012038748521415954
2021-10-24T20:00:00.000000,0.0026774471233625974,0.00832236974925138,0.005695071048926081
2021-10-24T21:00:00.000000,-0.0008869785318659229,-0.0027172595331297345,0.0030437687653943613
2021-10-24T22:00:00.000000,-0.0006592734104250431,-0.0010824109297882245,-0.0009563160494892031
2021-10-24T23:00:00.000000,-0.00016488628772326486,-0.0010178786319894328,0.0019362039307413426
2021-10-25T00:00:00.000000,0.006777920199365628,0.015985219107911064,0.012458491433614327
2021-10-25T01:00:00.000000,-0.0015220275404526085,-0.0012616869455381874,-0.0034882911271054695
2021-10-25T02:00:00.000000,0.0016062567844280506,0.0030866965367479793,0.0036091940301314906
2021-10-25T03:00:00.000000,0.0006829307348027447,0.002320859759480598,0.0005559651577229374
2021-10-25T04:00:00.000000,0.0013387805547034892,-0.0004508566352310339,0.003521979807002751
2021-10-25T05:00:00.000000,0.00022645747073757327,-0.0035333730422646425,-0.005917248484228921
2021-10-25T06:00:00.000000,-0.001733588587825352,0.002582687752207491,-0.00024226566971741192
2021-10-25T07:00:00.000000,0.005980077295424269,0.009881535032988609,0.006039103312009075
2021-10-25T08:00:00.000000,0.0010501030158762692,0.0013080655259720686,-0.006305663356236835
2021-10-25T09:00:00.000000,-0.0009222660519928594,0.0002869074583742304,0.0028074269994249335
2021-10-25T10:00:00.000000,-0.0035366454133349823,0.0007646843660111813,-0.0010639585092668824
2021-10-25T11:00:00.000000,0.0014310655488198876,-0.0005575246052575977,-0.000677654373809844
2021-10-25T12:00:00.000000,-0.0023130994172999575,-0.00038248231485660256,-0.001332445233778401
2021-10-25T13:00:00.000000,0.002289808558727846,0.007954127335892736,0.009049835519917337
2021-10-25T14:00:00.000000,0.002626117288622498,0.001943174620302912,-0.0019478417585911956
2021-10-25T15:00:00.000000,0.010868140308451069,0.004535155165390492,0.015098232338024431
2021-10-25T16:00:00.000000,-0.002609213332647853,0.00015710178657002416,0.0039045448755921086
2021-10-25T17:00:00.000000,-0.0014617391300763005,-0.008344752533535171,-0.010875867081013624
2021-10-25T18:00:00.000000,-0.0032446626772985043,0.0006017609607056329,0.006046197899999939
2021-10-25T19:00:00.000000,-0.0041566888036079774,-0.007133525106677752,-0.006428287456886395
2021-10-25T20:00:00.000000,-0.002522838366080693,-0.001995037011276679,-0.0010275896759228687
2021-10-25T21:00:00.000000,0.0006941824068256164,0.004224763360307193,0.002507374183865707
2021-10-25T22:00:00.000000,0.000854254272884547,0.002653258946327952,0.007200515895638304
2021-10-25T23:00:00.000000,-0.0014715403999375765,0.0012209916919641017,4.735633273433848e-05
2021-10-26T00:00:00.000000,0.00966038738319086,0.00044362761358662794,0.004771474742975457
2021-10-26T01:00:00.000000,-0.005693115617070199,-0.00626064682955807,-0.005079331000215959
2021-10-26T02:00:00.000000,0.016777642771043655,0.00046214772019581574,0.003546438368054794
2021-10-26T03:00:00.000000,-0.004199034629814413,1.593231950813845e-05,-0.002362894225733214
2021-10-26T04:00:00.000000,-0.0017984378628710385,-0.004454990482322785,-0.004196059022149257
2021-10-26T05:00:00.000000,0.002984919443244416,-0.0012009705284210526,-0.0018309144228521035
2021-10-26T06:00:00.000000,-0.004788897645880197,-0.00043270271595119425,-0.00219199058485664
2021-10-26T07:00:00.000000,0.004065265530838191,0.0011694689861663221,0.00195396335341691
2021-10-26T08:00:00.000000,0.0023018972205864907,0.006256604187106163,0.0037305053302532087
2021-10-26T09:00:00.000000,-0.003081073991040184,-0.002644703375286994,-0.0014240283414643784
2021-10-26T10:00:00.000000,0.0017889112915085992,0.0055997600988551,0.004809808943253557
2021-10-26T11:00:00.000000,-0.00405426103104245,-0.004037583574062253,-0.0031249285626984147
2021-10-26T12:00:00.000000,-0.003307385935961138,-0.004341864242041638,-0.006064588419246064
2021-10-26T13:00:00.000000,0.0020934168672369635,-0.0046179089856952515,-0.000739777384620055
2021-10-26T14:00:00.000000,-0.008585707119333263,-0.004106649677057206,-0.00839051765243859
2021-10-26T15:00:00.000000,0.004253547074757225,0.009492141135595489,0.008557612001458992
2021-10-26T16:00:00.000000,-0.0036086790879653607,-0.007654142423914934,-0.004785156034753157
2021-10-26T17:00:00.000000,0.00896177530924025,0.006630568141412496,0.012133496493248686
2021-10-26T18:00:00.000000,-0.0022386841382870948,-0.0020021950739330663,-0.0015650197636123409
2021-10-26T19:00:00.000000,-0.0006267165787332551,-0.005127845409512943,0.00030845523491507265
2021-10-26T20:00:00.000000,0.011763520683576223,0.0014976692306873929,0.012378000521863441
2021-10-26T21:00:00.000000,-0.014611729784946625,-0.0218812871870675,-0.014872093193496028
2021-10-26T22:00:00.000000,-0.01238692505331318,-0.008622879138327377,-0.020131361133914893
2021-10-26T23:00:00.000000,0.0009403223518840154,0.0001658897500522727,0.0025205413116609066
2021-10-27T00:00:00.000000,0.004290385191390689,0.006415365918313043,0.006754663464494826
2021-10-27T01:00:00.000000,-0.0032575179585299097,-0.00235963972362363,-0.002069796166123794
2021-10-27T02:00:00.000000,0.001684881045098785,-0.0014217698466953976,0.007823414033023113
2021-10-27T03:00:00.000000,0.0006666340589192021,0.004605146416514216,0.006860926929860511
2021-10-27T04:00:00.000000,0.004584455315193026,0.008298258419394244,0.017509213456365913
2021-10-27T05:00:00.000000,-0.004913055028935465,-0.004271727213582821,-0.001984938476459419
2021-10-27T06:00:00.000000,-0.005509024800169238,-0.004141813524102034,-0.007531799234447689
2021-10-27T07:00:00.000000,-0.015453980198343875,-0.01231258977943206,-0.025741232102415523
2021-10-27T08:00:00.000000,-0.04835074658519434,-0.011706632644813197,-0.02184143697801133
2021-10-27T09:00:00.000000,-0.025094086649574132,-0.004853516482402398,-0.006815645303978712
2021-10-27T10:00:00.000000,0.015280746060569284,3.3904051536026714e-05,0.0007954856610599137
2021-10-27T11:00:00.000000,-0.0016588587979757818,-0.007128123204054759,-0.007808154621336882
2021-10-27T12:00:00.000000,0.013122127935733752,0.008364835063852993,0.005320157915830848
2021-10-27T13:00:00.000000,-0.011925049270493093,-0.00022012445587016316,-0.004193820270943505
2021-10-27T14:00:00.000000,0.007107425534286449,0.0028578453724499298,0.004816400012387589
2021-10-27T15:00:00.000000,-0.013998843128783411,-0.005978660673569891,-0.005467018122519818
2021-10-27T16:00:00.000000,0.0028828995116962908,0.0007980914153336016,-0.00383723588277185
2021-10-27T17:00:00.000000,-0.001912546018617678,0.0005090872176332084,0.0021336152778239637
2021-10-27T18:00:00.000000,-0.009174598581349724,-0.003126489327165416,-0.004800753209963204
2021-10-27T19:00:00.000000,-0.004031021171632565,0.006226321572791349,0.008529906209508553
2021-10-27T20:00:00.000000,0.00012605490608230685,-0.0034222240562726824,-0.005058990478644887
2021-10-27T21:00:00.000000,0.006009012337615527,-0.0023447067966380075,0.0028582193207835616
2021-10-27T22:00:00.000000,-0.0021399197761314825,0.00010205817324759892,-0.0045921712799703585
2021-10-27T23:00:00.000000,-0.019653708593780683,-0.005560307690807065,-0.013521931947554577
2021-10-28T00:00:00.000000,-0.0002979620982894726,-0.003014784996389963,-0.00173509267586347
2021-10-28T01:00:00.000000,0.014744041465911462,0.01163200453222224,0.020900168149363907
2021-10-28T02:00:00.000000,-0.00012879991980685457,6.782534974902887e-05,0.00067504221576975
2021-10-28T03:00:00.000000,-0.0035200763072172903,-0.0016290794215265691,-0.0007750872361125261
2021-10-28T04:00:00.000000,-0.009413105416494871,-0.0010535260107822353,-0.0002001200727104191
2021-10-28T05:00:00.000000,0.020171703616541525,0.004884428753339165,0.006657465588519429
2021-10-28T06:00:00.000000,-0.003605010943881215,-0.000321502604402113,4.970178927443669e-05
2021-10-28T07:00:00.000000,-0.0024311653293108693,-0.0008296156308098546,-0.002936640406183244
2021-10-28T08:00:00.000000,0.055937176170342995,0.0260141389410542,0.030968760366205217
2021-10-28T09:00:00.000000,-0.009288749259921625,0.007922981810198237,0.00662293949546644
2021-10-28T10:00:00.000000,-0.011107630914952371,-0.00026199872425358706,-0.00367934812135573
2021-10-28T11:00:00.000000,-0.006314874342253751,-0.0009667139853171136,0.0013242005570539561
2021-10-28T12:00:00.000000,0.009646772886466204,0.002079734805677802,0.005183596919941635
2021-10-28T13:00:00.000000,0.0034737613035533688,0.007789115120232282,0.004060870783693105
2021-10-28T14:00:00.000000,0.0031421631900538927,-0.00047083655535651303,-0.0007392834057569075
2021-10-28T15:00:00.000000,-0.008496190068318032,-0.006435290738522781,-0.009082801642458449
2021-10-28T16:00:00.000000,-0.0024205602937760196,0.0005718907681142582,0.008199715078392344
2021-10-28T17:00:00.000000,-7.457177163594508e-05,-0.0005392024835924047,0.009363853860309135
2021-10-28T18:00:00.000000,-0.015708821399794348,-0.016661696103504653,-0.01094102817820719
2021-10-28T19:00:00.000000,0.014026994679303018,0.01985997567652653,0.019796062253250923
2021-10-28T20:00:00.000000,-0.0006999356394810086,0.0011723139887322986,-0.0020889329397295597
2021-10-28T21:00:00.000000,-0.009420676091135172,-0.0111764088521209,-0.0002349844921063493
2021-10-28T22:00:00.000000,0.0021307290226969533,-0.0034616370180717837,-2.3501486468902044e-05
2021-10-28T23:00:00.000000,-0.0017333856851670104,0.0010562451470530476,0.008238589874526525
2021-10-29T00:00:00.000000,0.012629853265177515,0.01301209752308985,0.015955202386887635
2021-10-29T01:00:00.000000,0.005074311376258911,0.0007324159473256486,-0.00027531776432354604
2021-10-29T02:00:00.000000,-0.004771458600110523,0.002940533526469835,0.0020172389015495895
2021-10-29T03:00:00.000000,0.0036345162590202262,0.0007459419484163732,0.004250366308285791
2021-10-29T04:00:00.000000,-0.00508506978518064,-0.0018983804570318341,-0.0061528802627695
2021-10-29T05:00:00.000000,-0.007279490501851282,-0.008530262207802508,-0.007392174043040711
2021-10-29T06:00:00.000000,0.004725979905794708,0.005684060775960731,0.004497084478998659
2021-10-29T07:00:00.000000,-0.00655541679925975,-0.013032864532240396,-0.00792380698011641
2021-10-29T08:00:00.000000,0.0021623851280975215,0.006086746435604695,0.007739708486903751
2021-10-29T09:00:00.000000,-0.0013299522952148202,-0.0013786088083893588,-0.002811709619146896
2021-10-29T10:00:00.000000,0.004014517665883899,0.0028372070102005154,0.0006229451663646302
2021-10-29T11:00:00.000000,-9.985471147788694e-05,-0.0016226186719325852,-0.0028410094291686505
2021-10-29T12:00:00.000000,-0.0019291517717821005,0.0005411654868492377,-0.0014582829569480538
2021-10-29T13:00:00.000000,0.005726586840217207,0.005362995195442366,0.01272846986805476
2021-10-29T14:00:00.000000,-0.007123294542162428,-0.0006035347745818598,-0.005665217734501127
2021-10-29T15:00:00.000000,0.016261046073578367,0.017436471904046513,0.022493301150662504
2021-10-29T16:00:00.000000,-0.003245958672927096,0.004703105674433772,-0.003762833546518962
2021-10-29T17:00:00.000000,-0.003157314772054498,-0.0032290062903612693,-0.0021016244473166523
2021-10-29T18:00:00.000000,-0.005027660176724624,-0.005104508820249265,-0.009775026685851174
2021-10-29T19:00:00.000000,0.0034912126913942965,0.0072476866606123735,0.006512159267918705
2021-10-29T20:00:00.000000,-0.0017403501998447535,-0.0026556616362718444,-0.0006129746488543475
2021-10-29T21:00:00.000000,0.004005722132451206,-0.0006409743028523707,0.003830597292552085
2021-10-29T22:00:00.000000,0.0009314562851869823,-0.0008659675322260085,-4.524682141848757e-05
2021-10-29T23:00:00.000000,-0.0008397585258936857,-0.0006419412523239743,0.00033930126884840206
2021-10-30T00:00:00.000000,-0.006000351078750521,-0.005537772325988399,-0.009978149224535215
2021-10-30T01:00:00.000000,-0.003599053296305277,0.0019030422154653337,-0.0030885758774896743
2021-10-30T02:00:00.000000,-0.0020814164146585323,-0.002129067402091067,-0.000389608906345984
2021-10-30T03:00:00.000000,-0.0008754382453339815,-0.0032669197124164384,-0.0037433874250467625
2021-10-30T04:00:00.000000,-0.0015721931058219063,-0.0031313656751379426,-0.001542766001335849
2021-10-30T05:00:00.000000,0.0039008213583928697,0.000795939128314771,0.00510275552118955
2021-10-30T06:00:00.000000,0.0004505609560029322,0.0038893529508996494,0.0011914856025416753
2021-10-30T07:00:00.000000,0.001470419334371642,-0.003142720875962013,-0.0033029825656871736
2021-10-30T08:00:00.000000,-0.005738860713975558,-0.004455581717378365,-0.007078410518971623
2021-10-30T09:00:00.000000,-0.0007442010490752438,0.0013355050844907623,9.254974555439333e-05
2021-10-30T10:00:00.000000,0.005235344810388121,0.006473039530536795,0.006181401728712288
2021-10-30T11:00:00.000000,-0.001705312045820584,-0.003012294372936708,-0.0028783624731278934
2021-10-30T12:00:00.000000,-0.0033137551034464474,0.00027569430541518614,-0.0021006713711813063
2021-10-30T13:00:00.000000,-0.00300440813426206,-0.0010220719746971696,-0.0029854568049678676
2021-10-30T14:00:00.000000,-0.013756681557420714,-0.006415810709894387,-0.008238735858368429
2021-10-30T15:00:00.000000,0.008306621975675887,0.003359593485621204,0.0012611520191807557
2021-10-30T16:00:00.000000,-0.00027391840446400195,-0.002053556143218671,0.0008398852650586264
2021-10-30T17:00:00.000000,-0.004785367258287709,0.0025093298269247555,0.0038404739558455248
2021-10-30T18:00:00.000000,0.007794350881993095,0.002697828747830755,0.005074682716715628
2021-10-30T19:00:00.000000,0.001541505977231794,0.0026743834471076866,0.002977188642477202
2021-10-30T20:00:00.000000,-0.002857455472720427,-0.0011661242271845396,-0.006357447463976484
2021-10-30T21:00:00.000000,-0.005764992843245054,-0.0033114225535886277,-0.0060480772418447515
2021-10-30T22:00:00.000000,-0.010700876054094088,0.0014298018586096362,0.0013989603344786161
2021-10-30T23:00:00.000000,0.00846212433178084,0.005618128742352013,0.007798215302500466
2021-10-31T00:00:00.000000,0.0023075177916336287,0.007847970549089922,0.014414167714807746
2021-10-31T01:00:00.000000,-0.005111744115483985,-0.003257148945747801,-0.0048198368676892756
2021-10-31T02:00:00.000000,0.028369103930962036,-0.006902251273151805,0.0005036284244450684
2021-10-31T03:00:00.000000,-0.00785132800023125,-0.00022658121415020105,0.0012351045690781604
2021-10-31T04:00:00.000000,-0.004111312638817921,-0.005062891139216319,-0.0009605050250183211
2021-10-31T05:00:00.000000,-0.0002896349738105153,-0.002280168417351902,-0.008940224790769946
2021-10-31T06:00:00.000000,-0.00428884562151155,0.0004564498065988687,-0.002542648496671518
2021-10-31T07:00:00.000000,0.002435716265964505,0.0008634242637288736,0.00016199766295876827
2021-10-31T08:00:00.000000,-0.009223267898663345,-0.009884220027627677,-0.010795321440708605
2021-10-31T09:00:00.000000,-0.002047323706453996,-0.002041354587452915,-0.0029047996437228107
2021-10-31T10:00:00.000000,-0.0023661392649292345,0.0026496621138765164,-0.0019255612383837217
2021-10-31T11:00:00.000000,-0.008018926644750346,-0.0055377150169846345,-0.010752410612921537
2021-10-31T12:00:00.000000,-0.002933871247701947,-0.0029129930064115683,-0.004572198568329355
2021-10-31T13:00:00.000000,0.004155498844494732,0.0014575571938628684,0.004690987397568236
2021-10-31T14:00:00.000000,0.0017139464328498333,0.0012240308528372879,-0.00028511689986032707
2021-10-31T15:00:00.000000,0.0016750766949946705,0.00041318558404945804,0.002349786870924575
2021-10-31T16:00:00.000000,0.004293039380332986,0.003447568262769707,0.0054850363301195415
2021-10-31T17:00:00.000000,-0.0012250687915853486,-0.0006753807509660703,0.0008013198637595309
2021-10-31T18:00:00.000000,0.0026094560893568097,0.0013173930700229874,0.0023296046679899263
2021-10-31T19:00:00.000000,-0.0038257785160636937,-0.0002468790387553099,-0.0006348086970362488
2021-10-31T20:00:00.000000,0.004484094628522617,0.0034507724527887973,0.004154204178766108
2021-10-31T21:00:00.000000,0.012673220122943696,0.008640244522061025,0.009812111864905049
2021-10-31T22:00:00.000000,-0.006656229325776586,-0.0008785774119974832,-0.00332206924101186
